Automan,
Editar,Modelos
Editar,Acura  INTEGRA
Editar,Acura  LEGEND
Editar,Aleko  2119
Editar,Aleko  2141
Editar,Alfa Romeo  145
Editar,Alfa Romeo  146
Editar,Alfa Romeo  147
Editar,Alfa Romeo  155
Editar,Alfa Romeo  156
Editar,Alfa Romeo  156 Sportwagon
Editar,Alfa Romeo  159
Editar,Alfa Romeo  164
Editar,Alfa Romeo  166
Editar,Alfa Romeo  33
Editar,Alfa Romeo  75
Editar,Alfa Romeo  ALFASUD
Editar,Alfa Romeo  ALFETTA
Editar,Alfa Romeo  Brera
Editar,Alfa Romeo  GIULIETTA
Editar,Alfa Romeo  GT
Editar,Alfa Romeo  GTV
Editar,Alfa Romeo  Mito
Editar,Alfa Romeo  RIO
Editar,Alfa Romeo  SPIDER
Editar,Alfa Romeo  STELVIO
Editar,Alfa Romeo  ZAGATO
Editar,AM General  HUMMER
Editar,Aro  10.1
Editar,Aro  10.4
Editar,Aro  10.6
Editar,Aro  10.9
Editar,Aro  243
Editar,Aro  244
Editar,Aro  246
Editar,Aro  320
Editar,Aro  324
Editar,Aro  SPARTANA
Editar,Asia  AM-825
Editar,Asia  ROCSTA
Editar,Asia  TOPIC
Editar,Asia  TOWNER
Editar,Audi  100
Editar,Audi  200
Editar,Audi  5000
Editar,Audi  80
Editar,Audi  a1
Editar,Audi  A3
Editar,Audi  A4
Editar,Audi  A5
Editar,Audi  A6
Editar,Audi  A7
Editar,Audi  A8
Editar,Audi  CABRIO
Editar,Audi  Q2
Editar,Audi  Q3
Editar,Audi  Q5
Editar,Audi  Q7
Editar,Audi  Q8
Editar,Audi  R8
Editar,Audi  RS3
Editar,Audi  RS4
Editar,Audi  RS5
Editar,Audi  RS6
Editar,Audi  S3
Editar,Audi  S4
Editar,Audi  S5
Editar,Audi  S6
Editar,Audi  S7
Editar,Audi  S8
Editar,Audi  SQ5
Editar,Audi  TT
Editar,Audi  TT
Editar,Audi  TT RS
Editar,Audi  TTS
Editar,Austin  ALLEGRO
Editar,Austin  MONTEGO
Editar,Austin  MORRIS
Editar,Austin  SHERPA
Editar,Autobianchi  Y 10
Editar,Autounion  DKW
Editar,Beijing  BJ
Editar,Bentley  GT
Editar,Bentley  MK
Editar,Bertone  FREECLIMBER
Editar,BMW  118
Editar,BMW  118l
Editar,BMW  120 D
Editar,BMW  125i
Editar,BMW  220 I SPORT
Editar,BMW  320i
Editar,BMW  323i
Editar,BMW  325i
Editar,BMW  428i
Editar,BMW  530D
Editar,BMW  650 GS SERTAO
Editar,BMW  740
Editar,BMW  800
Editar,BMW  DE CARLO
Editar,BMW  F650
Editar,BMW  F650 GS
Editar,BMW  F700
Editar,BMW  F800
Editar,BMW  G650
Editar,BMW  GS
Editar,BMW  GT
Editar,BMW  M3
Editar,BMW  M5
Editar,BMW  NINET
Editar,BMW  NINET
Editar,BMW  R1200
Editar,BMW  Serie 1
Editar,BMW  Serie 2
Editar,BMW  Serie 3
Editar,BMW  Serie 4
Editar,BMW  Serie 5
Editar,BMW  Serie 6
Editar,BMW  Serie 7
Editar,BMW  SERIE 8
Editar,BMW  Serie M
Editar,BMW  X1
Editar,BMW  x2
Editar,BMW  X3
Editar,BMW  X4
Editar,BMW  X5
Editar,BMW  X6
Editar,BMW  Z1
Editar,BMW  Z3
Editar,BMW  Z4
Editar,BMW  Z8
Editar,Borgward  ISABELLA
Editar,Buick  CENTURY
Editar,Buick  ELECTRA
Editar,Buick  PHAETON
Editar,Buick  SKYLARK
Editar,Cadillac  ALLANTE
Editar,Cadillac  CATERA
Editar,Cadillac  DEVILLE
Editar,Cadillac  ELDORADO
Editar,Cadillac  SERIES 62
Editar,Cadillac  SEVILLE
Editar,Chevrolet  194
Editar,Chevrolet  1951 SEDAN
Editar,Chevrolet  1953
Editar,Chevrolet  1960
Editar,Chevrolet  400
Editar,Chevrolet  400
Editar,Chevrolet  454
Editar,Chevrolet  AGILE
Editar,Chevrolet  APACHE
Editar,Chevrolet  ASTRA
Editar,Chevrolet  ASTRO
Editar,Chevrolet  AVALANCHE
Editar,Chevrolet  AVEO
Editar,Chevrolet  BEL AIR
Editar,Chevrolet  BERETTA
Editar,Chevrolet  BLAZER
Editar,Chevrolet  BRAVA
Editar,Chevrolet  BRONCO
Editar,Chevrolet  C-10
Editar,Chevrolet  C-20
Editar,Chevrolet  C1403
Editar,Chevrolet  C1404
Editar,Chevrolet  C3500
Editar,Chevrolet  CAMARO
Editar,Chevrolet  CAPRICE
Editar,Chevrolet  Captiva
Editar,Chevrolet  CAVALIER
Editar,Chevrolet  CELEBRITY
Editar,Chevrolet  CELTA
Editar,Chevrolet  CHEVELLE
Editar,Chevrolet  CHEVETTE
Editar,Chevrolet  CHEVRON
Editar,Chevrolet  CHEVY
Editar,Chevrolet  Chevy Van
Editar,Chevrolet  CHEYENNE
Editar,Chevrolet  CITATION
Editar,Chevrolet  CLASSIC
Editar,Chevrolet  Classic
Editar,Chevrolet  COBALT
Editar,Chevrolet  COMBO
Editar,Chevrolet  CORSA
Editar,Chevrolet  CORSA
Editar,Chevrolet  CORSICA
Editar,Chevrolet  CORVAIR
Editar,Chevrolet  CORVETTE
Editar,Chevrolet  Cruze
Editar,Chevrolet  D-20
Editar,Chevrolet  DL
Editar,Chevrolet  Equinox
Editar,Chevrolet  EXPRESS
Editar,Chevrolet  GEO
Editar,Chevrolet  GMC
Editar,Chevrolet  GRAND BLAZER
Editar,Chevrolet  GRAND VITARA
Editar,Chevrolet  GRUMET
Editar,Chevrolet  IMPALA
Editar,Chevrolet  IPANEMA
Editar,Chevrolet  JIMMY
Editar,Chevrolet  K
Editar,Chevrolet  KADETT
Editar,Chevrolet  Loadmaster
Editar,Chevrolet  LUMINA
Editar,Chevrolet  LUV
Editar,Chevrolet  MASTER
Editar,Chevrolet  MERIVA
Editar,Chevrolet  MONTANA
Editar,Chevrolet  MONTECARLO
Editar,Chevrolet  MONZA
Editar,Chevrolet  OMEGA
Editar,Chevrolet  ONIX
Editar,Chevrolet  OPALA
Editar,Chevrolet  P-10
Editar,Chevrolet  PRISMA
Editar,Chevrolet  S10
Editar,Chevrolet  SILVERADO
Editar,Chevrolet  SONIC
Editar,Chevrolet  SPARK
Editar,Chevrolet  SPECIAL DELUXE
Editar,Chevrolet  SPIN
Editar,Chevrolet  SUBURBAN
Editar,Chevrolet  SUPREMA
Editar,Chevrolet  TAHOE
Editar,Chevrolet  TIGRA
Editar,Chevrolet  TRACKER
Editar,Chevrolet  TRAILBLAZER
Editar,Chevrolet  VECTRA
Editar,Chevrolet  VENTURE
Editar,Chevrolet  VERANEIO
Editar,Chevrolet  ZAFIRA
Editar,Chrysler  300 C
Editar,Chrysler  300 M
Editar,Chrysler  CARAVAN
Editar,Chrysler  CIRRUS
Editar,Chrysler  COMANCHE
Editar,Chrysler  CONCORDE
Editar,Chrysler  CROSSFIRE
Editar,Chrysler  DAKOTA
Editar,Chrysler  DAYTONA
Editar,Chrysler  GRAND CARAVAN
Editar,Chrysler  INTREPID
Editar,Chrysler  JEEP CHEROKEE
Editar,Chrysler  JEEP GRAND CHEROKEE
Editar,Chrysler  JEEP WRANGLER
Editar,Chrysler  LEBARON
Editar,Chrysler  NEON
Editar,Chrysler  PT CRUISER
Editar,Chrysler  RAM
Editar,Chrysler  SEBRING
Editar,Chrysler  SHADOW
Editar,Chrysler  SPIRIT
Editar,Chrysler  STRATUS
Editar,Chrysler  TALON
Editar,Chrysler  TOWN & COUNTRY
Editar,Chrysler  VALIANT
Editar,Chrysler  VIPER
Editar,Chrysler  VOYAGER
Editar,Chrysler  WAGONEER
Editar,Chrysler  WINDSOR
Editar,Cisitalia  850
Editar,Citroen  11
Editar,Citroen  2CV
Editar,Citroen  AK
Editar,Citroen  AMBIANCE
Editar,Citroen  AMI
Editar,Citroen  AX
Editar,Citroen  BERLINGO
Editar,Citroen  BX
Editar,Citroen  C-ELYSEE
Editar,Citroen  C15
Editar,Citroen  C3
Editar,Citroen  C3 Aircross
Editar,Citroen  C4
Editar,Citroen  C4 AIRCROSS
Editar,Citroen  C4 Cactus
Editar,Citroen  C4 GRAND PICASSO
Editar,Citroen  C4 PICASSO
Editar,Citroen  C5
Editar,Citroen  C6
Editar,Citroen  CX
Editar,Citroen  DS3
Editar,Citroen  DS4
Editar,Citroen  DYANE
Editar,Citroen  EVASION
Editar,Citroen  Grand C4 Spacetourer
Editar,Citroen  GRINGA
Editar,Citroen  GS
Editar,Citroen  GSA
Editar,Citroen  IES
Editar,Citroen  JUMPER
Editar,Citroen  Jumpy
Editar,Citroen  MEHARI
Editar,Citroen  OLT CIT
Editar,Citroen  PICASSO
Editar,Citroen  SAXO
Editar,Citroen  Spacetourer
Editar,Citroen  VISA
Editar,Citroen  XANTIA
Editar,Citroen  XM
Editar,Citroen  XSARA
Editar,Citroen  ZX
Editar,Dacia  1310
Editar,Dacia  1410
Editar,Dacia  325
Editar,Dacia  BERLINA
Editar,Dacia  BREAK
Editar,Dacia  R 524
Editar,Daewoo  CHAIRMAN
Editar,Daewoo  CIELO
Editar,Daewoo  DAMAS
Editar,Daewoo  ESPERO
Editar,Daewoo  ISTANA
Editar,Daewoo  KORANDO
Editar,Daewoo  LABO
Editar,Daewoo  LANOS
Editar,Daewoo  LEGANZA
Editar,Daewoo  MATIZ
Editar,Daewoo  MUSSO
Editar,Daewoo  NUBIRA
Editar,Daewoo  PRINCE
Editar,Daewoo  RACER
Editar,Daewoo  REXTON
Editar,Daewoo  TACUMA
Editar,Daewoo  TICO
Editar,Daihatsu  APPLAUSE
Editar,Daihatsu  CAB
Editar,Daihatsu  CHARADE
Editar,Daihatsu  CHARMANT
Editar,Daihatsu  CUORE
Editar,Daihatsu  DELTA FURGON
Editar,Daihatsu  DIFFERENT 99
Editar,Daihatsu  FEROZA
Editar,Daihatsu  HIJET
Editar,Daihatsu  L
Editar,Daihatsu  MINIBUS DIFFERENT
Editar,Daihatsu  MIRA
Editar,Daihatsu  MOVE
Editar,Daihatsu  PIAGGIO
Editar,Daihatsu  PORTER
Editar,Daihatsu  ROCKY
Editar,Daihatsu  SIRION
Editar,Daihatsu  TAFT
Editar,Daihatsu  TERIOS
Editar,Daihatsu  WIDE
Editar,Datsun  280
Editar,Datsun  LAUREL
Editar,De Tomaso  INOCCENTI
Editar,De Tomaso  LONGCHAMPS
Editar,De Tomaso  MANGUSTA
Editar,De Tomaso  PANTERA
Editar,Deutz  MOTORHOME
Editar,Deutz  STARK
Editar,Dodge  1500
Editar,Dodge  B200
Editar,Dodge  BROTHER
Editar,Dodge  CHARGER
Editar,Dodge  CORONADO
Editar,Dodge  D
Editar,Dodge  DAKOTA
Editar,Dodge  DURANGO
Editar,Dodge  FARGO
Editar,Dodge  GTX
Editar,Dodge  Journey
Editar,Dodge  POLARA
Editar,Dodge  RAM
Editar,Dodge  SHADOW
Editar,Dodge  VICTORY
Editar,Dujuan  MD
Editar,Eniak  ANTIQUE
Editar,Eniak  DURANGO
Editar,FEI - HU  HH 12
Editar,Ferrari  246
Editar,Ferrari  308
Editar,Ferrari  328
Editar,Ferrari  348
Editar,Ferrari  355
Editar,Ferrari  365
Editar,Ferrari  400
Editar,Ferrari  412
Editar,Ferrari  430
Editar,Ferrari  456
Editar,Ferrari  458
Editar,Ferrari  488
Editar,Ferrari  512
Editar,Ferrari  550
Editar,Ferrari  599
Editar,Ferrari  612
Editar,Ferrari  612 SCAGLIETTI
Editar,Ferrari  California
Editar,Ferrari  F
Editar,Ferrari  F 355
Editar,Ferrari  F 360
Editar,Ferrari  F12
Editar,Ferrari  GTC4
Editar,Ferrari  MONDIAL
Editar,Ferrari  SUPERAMERICA
Editar,Ferrari  TESTAROSSA
Editar,Fiat  1100
Editar,Fiat  1100
Editar,Fiat  1200
Editar,Fiat  125
Editar,Fiat  127
Editar,Fiat  128
Editar,Fiat  131
Editar,Fiat  132
Editar,Fiat  133
Editar,Fiat  147
Editar,Fiat  148
Editar,Fiat  1500
Editar,Fiat  1600
Editar,Fiat  500
Editar,Fiat  600
Editar,Fiat  800
Editar,Fiat  ARGO
Editar,Fiat  BARCHETTA
Editar,Fiat  BRAVA
Editar,Fiat  BRAVO
Editar,Fiat  BRIO
Editar,Fiat  CISITALIA
Editar,Fiat  CROMA
Editar,Fiat  Cronos
Editar,Fiat  Doblo
Editar,Fiat  DUCATO
Editar,Fiat  DUCATO COMBINATO
Editar,Fiat  DUNA
Editar,Fiat  Fastback
Editar,Fiat  FIORINO
Editar,Fiat  FIORUNO
Editar,Fiat  IDEA
Editar,Fiat  Linea
Editar,Fiat  MAREA
Editar,Fiat  MOBI
Editar,Fiat  Multipla
Editar,Fiat  PALIO
Editar,Fiat  PANDA
Editar,Fiat  PININFARINA
Editar,Fiat  PREMIO
Editar,Fiat  Pulse
Editar,Fiat  PUNTO
Editar,Fiat  QUBO
Editar,Fiat  Regata
Editar,Fiat  RITMO
Editar,Fiat  SIENA
Editar,Fiat  SPAZIO
Editar,Fiat  STILO
Editar,Fiat  STRADA
Editar,Fiat  TEMPRA
Editar,Fiat  TIPO
Editar,Fiat  TORO
Editar,Fiat  UNO
Editar,Fiat  VIVACE
Editar,Ford  1934
Editar,Ford  3500
Editar,Ford  915
Editar,Ford  A
Editar,Ford  AEROSTAR
Editar,Ford  BRONCO
Editar,Ford  CAPRI
Editar,Ford  CARGO
Editar,Ford  CARGO
Editar,Ford  CORCEL
Editar,Ford  COUPE
Editar,Ford  COURIER
Editar,Ford  CUSTOM
Editar,Ford  ECONOLINE
Editar,Ford  ECOSPORT
Editar,Ford  ESCAPE
Editar,Ford  ESCORT
Editar,Ford  EVEREST
Editar,Ford  EXPEDITION
Editar,Ford  EXPLORER
Editar,Ford  F-100
Editar,Ford  F-150
Editar,Ford  F-250
Editar,Ford  F-350
Editar,Ford  F-400
Editar,Ford  F-4000
Editar,Ford  F1
Editar,Ford  FAIRLAINE
Editar,Ford  FAIRLANE
Editar,Ford  FAIRMONT
Editar,Ford  FALCON
Editar,Ford  FESTIVA
Editar,Ford  FIESTA
Editar,Ford  FOCUS
Editar,Ford  FORDOR
Editar,Ford  GALAXY
Editar,Ford  GRANADA
Editar,Ford  Granero
Editar,Ford  KA
Editar,Ford  KUGA
Editar,Ford  LARIAT
Editar,Ford  LASER
Editar,Ford  MAVERICK
Editar,Ford  MAVERICK
Editar,Ford  MERCURY
Editar,Ford  MONDEO
Editar,Ford  MUSTANG
Editar,Ford  ORION
Editar,Ford  PAMPA
Editar,Ford  Probe
Editar,Ford  PUMA
Editar,Ford  RANCHERO
Editar,Ford  RANGER
Editar,Ford  S-MAX
Editar,Ford  SCORPIO
Editar,Ford  SIERRA
Editar,Ford  T
Editar,Ford  TAUNUS
Editar,Ford  TAURUS
Editar,Ford  TEMPO
Editar,Ford  TERRITORY
Editar,Ford  THUNDERBIRD
Editar,Ford  TRANSIT
Editar,Ford  TUDOUR
Editar,Ford  VAN
Editar,Ford  WINDSTAR
Editar,FSO  POLONEZ
Editar,GAZ  3309
Editar,GAZ  GAZELLE
Editar,GMC  500
Editar,GMC  CHEVETTE
Editar,GMC  TRUCK SIERRA
Editar,Grosspal  G660
Editar,Ham-Jiang  PICK-UP
Editar,Heibao  HB
Editar,Honda  ACCORD
Editar,Honda  Acura
Editar,Honda  BIZ
Editar,Honda  BROSS
Editar,Honda  C-HR
Editar,Honda  CB
Editar,Honda  CBR
Editar,Honda  CBX 250 TWISTER
Editar,Honda  CG 150
Editar,Honda  City
Editar,Honda  CIVIC
Editar,Honda  CR-V
Editar,Honda  CRF
Editar,Honda  CRX
Editar,Honda  Custom
Editar,Honda  CX
Editar,Honda  Econo Power
Editar,Honda  Elite
Editar,Honda  FALCON
Editar,Honda  FIT
Editar,Honda  FOREMAN
Editar,Honda  GLH150
Editar,Honda  GOLDWING
Editar,Honda  HELIX
Editar,Honda  HR-V
Editar,Honda  INTEGRA
Editar,Honda  INVICTA
Editar,Honda  LEGEND
Editar,Honda  MAGNA
Editar,Honda  Navi
Editar,Honda  NC 750 XA
Editar,Honda  NC700X
Editar,Honda  NSX
Editar,Honda  ODYSSEY
Editar,Honda  PACIFIC COAST
Editar,Honda  PASSPORT
Editar,Honda  PCX 150
Editar,Honda  Pilot
Editar,Honda  PRELUDE
Editar,Honda  S2000
Editar,Honda  Shadow
Editar,Honda  SPORTRAX
Editar,Honda  STORM
Editar,Honda  STREAM
Editar,Honda  Titan
Editar,Honda  TORNADO
Editar,Honda  TRANSALP
Editar,Honda  TRANSALP
Editar,Honda  TRX
Editar,Honda  Twister
Editar,Honda  V-MEN
Editar,Honda  VFR
Editar,Honda  VLX 600
Editar,Honda  WAVE
Editar,Honda  WR-V
Editar,Honda  XLR
Editar,Honda  XR
Editar,Honda  XRE
Editar,Honda  ZR-V
Editar,Hummer  H1
Editar,Hummer  H2
Editar,Hummer  H3
Editar,HupMobile  1911
Editar,HupMobile  1929
Editar,HupMobile  1932
Editar,Hyundai  ACCENT
Editar,Hyundai  ATOS
Editar,Hyundai  CHORUS SUPER
Editar,Hyundai  COUNTY
Editar,Hyundai  Creta
Editar,Hyundai  ELANTRA
Editar,Hyundai  ELANTRA WAGON
Editar,Hyundai  EXCEL
Editar,Hyundai  FX TIBURON
Editar,Hyundai  GALLOPER
Editar,Hyundai  Genesis
Editar,Hyundai  Getz
Editar,Hyundai  H-1
Editar,Hyundai  H100
Editar,Hyundai  HB20
Editar,Hyundai  I10
Editar,Hyundai  I30
Editar,Hyundai  KONA
Editar,Hyundai  MATRIX
Editar,Hyundai  MIGTHY
Editar,Hyundai  NEW CRETA
Editar,Hyundai  PONY
Editar,Hyundai  S
Editar,Hyundai  SANTA FE
Editar,Hyundai  SANTAMO
Editar,Hyundai  SONATA
Editar,Hyundai  TERRACAN
Editar,Hyundai  TRAJET
Editar,Hyundai  TUCSON
Editar,Hyundai  VELOSTER
Editar,Hyundai  VERACRUZ
Editar,IKA  ESTANCIERA
Editar,IKA  KAISER
Editar,IKA  RAMBLER
Editar,IKA  VAQUEANO
Editar,Infiniti  FX
Editar,Isuzu  AMIGO
Editar,Isuzu  Axion
Editar,Isuzu  DMAX
Editar,Isuzu  LS
Editar,Isuzu  LTD
Editar,Isuzu  MINI
Editar,Isuzu  MINI BUS
Editar,Isuzu  NPR
Editar,Isuzu  PICK UP
Editar,Isuzu  RODEO
Editar,Isuzu  Space Cab
Editar,Isuzu  STYLUS
Editar,Isuzu  TROOPER
Editar,Isuzu  VEHICROSS
Editar,Iveco  DAILY
Editar,Iveco  EUROTECH
Editar,Iveco  EUROTRAKKER
Editar,Iveco  STRALIS
Editar,Iveco  Tector
Editar,IZH  2715
Editar,JAC  MINIBUS
Editar,JAC  S2
Editar,JAC  T6
Editar,JAC  X200
Editar,Jaguar  420
Editar,Jaguar  DAIMLER DOUBLE SIX
Editar,Jaguar  F-PACE
Editar,Jaguar  S-TYPE
Editar,Jaguar  SOVEREIGN
Editar,Jaguar  X-TYPE
Editar,Jaguar  XE
Editar,Jaguar  XF
Editar,Jaguar  XJ
Editar,Jaguar  XJ6
Editar,Jaguar  XJ8
Editar,Jaguar  XK
Editar,Jaguar  XK8
Editar,Jaguar  XKE
Editar,Jaguar  XKR
Editar,Jeep  ARO
Editar,Jeep  CHEROKEE
Editar,Jeep  COBRA
Editar,Jeep  COMMANDER
Editar,Jeep  COMPASS
Editar,Jeep  ESTANCIERA
Editar,Jeep  GLADIATOR
Editar,Jeep  GRAND CHEROKEE
Editar,Jeep  HURRICANE
Editar,Jeep  IKA
Editar,Jeep  IKA
Editar,Jeep  PATRIOT
Editar,Jeep  POTRO
Editar,Jeep  RENEGADE
Editar,Jeep  UAZ
Editar,Jeep  WILLYS
Editar,Jeep  WRANGLER
Editar,Kia  AVELLA
Editar,Kia  BESTA
Editar,Kia  CAPITAL
Editar,Kia  CARENS
Editar,Kia  CARNIVAL
Editar,Kia  CERATO
Editar,Kia  CERES
Editar,Kia  CLARUS
Editar,Kia  Grand Carnival
Editar,Kia  GRAND SPORTAGE
Editar,Kia  JOICE
Editar,Kia  K2500
Editar,Kia  K2700
Editar,Kia  K2900
Editar,Kia  K3
Editar,Kia  MAGENTIS
Editar,Kia  Mohave
Editar,Kia  NEW CARENS
Editar,Kia  OPIRUS
Editar,Kia  PICANTO
Editar,Kia  PREGIO
Editar,Kia  PRIDE
Editar,Kia  RIO
Editar,Kia  Rondo
Editar,Kia  SELTOS
Editar,Kia  SEPHIA
Editar,Kia  SHUMA
Editar,Kia  SORENTO
Editar,Kia  SOUL
Editar,Kia  SPORTAGE
Editar,Kia  TOPIC
Editar,Lada  ALFALINA
Editar,Lada  LAIKA
Editar,Lada  NIVA
Editar,Lada  SAMARA
Editar,Lamborghini  COATL
Editar,Lamborghini  DIABLO
Editar,Lamborghini  EROS GT-1
Editar,Lamborghini  GALLARDO
Editar,Lamborghini  MURCIELAGO
Editar,Lancia  BETA
Editar,Lancia  DEDRA
Editar,Lancia  DELTA
Editar,Lancia  FULVIA
Editar,Lancia  THEMA
Editar,Lancia  Y
Editar,Land Rover  DEFENDER
Editar,Land Rover  DISCOVERY
Editar,Land Rover  RANGE ROVER
Editar,Land Rover  SANTANA
Editar,Land Rover  SPORT
Editar,Land Rover  SW
Editar,Lexus  GS300
Editar,Lexus  IS
Editar,Lexus  IS200
Editar,Lexus  LS430
Editar,Lexus  LX
Editar,Lexus  RX 300
Editar,Lincoln  TOWN-CAR
Editar,Lotus  SEVEN
Editar,Maestro  MAESTRO
Editar,Mahindra  CJ
Editar,Maserati  222
Editar,Maserati  3200
Editar,Maserati  420
Editar,Maserati  424
Editar,Maserati  430
Editar,Maserati  BITURBO
Editar,Maserati  GHIBLI
Editar,Maserati  GranCabrio
Editar,Maserati  GranSport
Editar,Maserati  Granturismo
Editar,Maserati  INDY
Editar,Maserati  KARIF
Editar,Maserati  Levante
Editar,Maserati  QUATTROPORTE
Editar,Maserati  SHAMAL
Editar,Maserati  SPIDER
Editar,Maybach  57
Editar,Mazda  121
Editar,Mazda  323
Editar,Mazda  626
Editar,Mazda  929
Editar,Mazda  B 1800
Editar,Mazda  B 2200
Editar,Mazda  B 2500
Editar,Mazda  B 2600
Editar,Mazda  B 2900
Editar,Mazda  B 3000
Editar,Mazda  B2500
Editar,Mazda  DX
Editar,Mazda  E 2200
Editar,Mazda  E1600
Editar,Mazda  E2200
Editar,Mazda  MIATA
Editar,Mazda  MILLENIA
Editar,Mazda  MPV
Editar,Mazda  MX3
Editar,Mazda  MX5
Editar,Mazda  MX6
Editar,Mazda  NAVAJO
Editar,Mazda  RX-7
Editar,Mazda  Serie B
Editar,Mazda  Tribute
Editar,Mazda  TROOPER 4X4
Editar,Mazda  VAN
Editar,Mercedes-Benz  1114
Editar,Mercedes-Benz  1214
Editar,Mercedes-Benz  1218
Editar,Mercedes-Benz  1620
Editar,Mercedes-Benz  1622
Editar,Mercedes-Benz  1624
Editar,Mercedes-Benz  1633
Editar,Mercedes-Benz  170
Editar,Mercedes-Benz  1725
Editar,Mercedes-Benz  180
Editar,Mercedes-Benz  190
Editar,Mercedes-Benz  1938
Editar,Mercedes-Benz  200
Editar,Mercedes-Benz  220
Editar,Mercedes-Benz  230
Editar,Mercedes-Benz  240
Editar,Mercedes-Benz  250
Editar,Mercedes-Benz  260
Editar,Mercedes-Benz  270
Editar,Mercedes-Benz  280
Editar,Mercedes-Benz  280
Editar,Mercedes-Benz  300
Editar,Mercedes-Benz  300
Editar,Mercedes-Benz  320
Editar,Mercedes-Benz  380
Editar,Mercedes-Benz  400
Editar,Mercedes-Benz  420
Editar,Mercedes-Benz  450
Editar,Mercedes-Benz  560
Editar,Mercedes-Benz  693
Editar,Mercedes-Benz  ACCELO
Editar,Mercedes-Benz  Atego
Editar,Mercedes-Benz  C 36
Editar,Mercedes-Benz  CASA RODANTE
Editar,Mercedes-Benz  CLASE 190
Editar,Mercedes-Benz  CLASE 608
Editar,Mercedes-Benz  CLASE A
Editar,Mercedes-Benz  CLASE B
Editar,Mercedes-Benz  CLASE C
Editar,Mercedes-Benz  CLASE CL
Editar,Mercedes-Benz  CLASE E
Editar,Mercedes-Benz  Clase GLA
Editar,Mercedes-Benz  Clase Glb
Editar,Mercedes-Benz  Clase GLC
Editar,Mercedes-Benz  Clase GLE
Editar,Mercedes-Benz  Clase GLK
Editar,Mercedes-Benz  Clase GLS
Editar,Mercedes-Benz  CLASE S
Editar,Mercedes-Benz  CLASE SL
Editar,Mercedes-Benz  Clase SLK
Editar,Mercedes-Benz  Clase SLR
Editar,Mercedes-Benz  Clase SLS
Editar,Mercedes-Benz  Clase V
Editar,Mercedes-Benz  CLK 230
Editar,Mercedes-Benz  CLK 320
Editar,Mercedes-Benz  CLK 350
Editar,Mercedes-Benz  CLK 430
Editar,Mercedes-Benz  CLK 500
Editar,Mercedes-Benz  CLK 55
Editar,Mercedes-Benz  E 320
Editar,Mercedes-Benz  GLA
Editar,Mercedes-Benz  MARCOPOLO VOLARE
Editar,Mercedes-Benz  SL
Editar,Mercedes-Benz  SPRINTER
Editar,Mercedes-Benz  UNIMOG
Editar,Mercedes-Benz  VIANO
Editar,Mercedes-Benz  VITO
Editar,Mercury  CAPRI
Editar,Mercury  COUGAR
Editar,Mercury  GRAND MARQUISE
Editar,Mercury  LINX
Editar,Mercury  MONTERREY
Editar,Mercury  TOPAZ
Editar,Mercury  VILLAGE
Editar,Metro  MINIBUS
Editar,MG  B
Editar,Mini  COOPER
Editar,Mini  Paceman
Editar,Mitsubishi  3000
Editar,Mitsubishi  CELESTE
Editar,Mitsubishi  COLT
Editar,Mitsubishi  DIAMANTE
Editar,Mitsubishi  ECLIPSE
Editar,Mitsubishi  EXPO
Editar,Mitsubishi  GALANT
Editar,Mitsubishi  L-100
Editar,Mitsubishi  L-200
Editar,Mitsubishi  L-300
Editar,Mitsubishi  L1000
Editar,Mitsubishi  LANCER
Editar,Mitsubishi  Mirage
Editar,Mitsubishi  MONTERO
Editar,Mitsubishi  NATIVA
Editar,Mitsubishi  OUTLANDER
Editar,Mitsubishi  PROTON
Editar,Mitsubishi  SANSUN
Editar,Mitsubishi  SAPPORO
Editar,Mitsubishi  SIGMA
Editar,Mitsubishi  SPACE WAGON
Editar,Mitsubishi  VARICA
Editar,Morris  10
Editar,Morris  8
Editar,Morris  MINI
Editar,Motorhome  CHEVROLET
Editar,Motorhome  FORD
Editar,Motorhome  HEEVEL
Editar,Motorhome  MERCEDES-BENZ
Editar,Motorhome  PANAMBI
Editar,Motorhome  RASTROJERO
Editar,Motorhome  VOLVO
Editar,Nakai  SC
Editar,Nissan  200
Editar,Nissan  240
Editar,Nissan  280
Editar,Nissan  300
Editar,Nissan  350Z
Editar,Nissan  370Z
Editar,Nissan  AD
Editar,Nissan  ALTIMA
Editar,Nissan  BLUEBIRD
Editar,Nissan  COMBI
Editar,Nissan  D21
Editar,Nissan  D22
Editar,Nissan  DATSUN
Editar,Nissan  FRONTIER
Editar,Nissan  HAYAL
Editar,Nissan  Infiniti
Editar,Nissan  KICKS
Editar,Nissan  Leaf
Editar,Nissan  MARCH
Editar,Nissan  MAXIMA
Editar,Nissan  MURANO
Editar,Nissan  Navara
Editar,Nissan  NOTE
Editar,Nissan  NP300
Editar,Nissan  NX
Editar,Nissan  PATHFINDER
Editar,Nissan  PATROL
Editar,Nissan  PRIMERA
Editar,Nissan  QUEST
Editar,Nissan  SENTRA
Editar,Nissan  SERENA
Editar,Nissan  STANZA
Editar,Nissan  SUNNY
Editar,Nissan  Teana
Editar,Nissan  Terrano
Editar,Nissan  TIIDA
Editar,Nissan  TRADE
Editar,Nissan  VANETTE
Editar,Nissan  VERSA
Editar,Nissan  X-TERRA
Editar,Nissan  X-TRAIL
Editar,Nissan  Z 350
Editar,NSU  PRINZ
Editar,Opel  ASTRA
Editar,Opel  BERTONE
Editar,Opel  CALIBRA
Editar,Opel  FRONTERA
Editar,Opel  K
Editar,Opel  KA 180
Editar,Opel  KADETT
Editar,Opel  OMEGA
Editar,Opel  REKORD
Editar,Opel  TIGRA
Editar,Opel  VECTRA
Editar,Overlan  WILLYS
Editar,Peugeot  106
Editar,Peugeot  2008
Editar,Peugeot  205
Editar,Peugeot  206
Editar,Peugeot  207
Editar,Peugeot  208
Editar,Peugeot  3008
Editar,Peugeot  301
Editar,Peugeot  305
Editar,Peugeot  306
Editar,Peugeot  307
Editar,Peugeot  308
Editar,Peugeot  309
Editar,Peugeot  4008
Editar,Peugeot  403
Editar,Peugeot  404
Editar,Peugeot  405
Editar,Peugeot  406
Editar,Peugeot  407
Editar,Peugeot  408
Editar,Peugeot  5008
Editar,Peugeot  504
Editar,Peugeot  505
Editar,Peugeot  508
Editar,Peugeot  604
Editar,Peugeot  605
Editar,Peugeot  607
Editar,Peugeot  806
Editar,Peugeot  807
Editar,Peugeot  BOXER
Editar,Peugeot  EXPERT
Editar,Peugeot  HOGGAR
Editar,Peugeot  PARTNER
Editar,Peugeot  RCZ
Editar,Peugeot  Traveller
Editar,Piaggio  MP3 YOURBAN
Editar,Piaggio  PORTER
Editar,Piaggio  VESPA
Editar,Plymouth  1938
Editar,Plymouth  1938
Editar,Plymouth  BELVEDERE
Editar,Plymouth  VALIANT
Editar,Plymouth  VOYAGER
Editar,Pontiac  BONEVILLE
Editar,Pontiac  FIERO
Editar,Pontiac  FIREBIRD
Editar,Pontiac  GRAND AM
Editar,Pontiac  GRAND PRIX
Editar,Pontiac  PHOENIX
Editar,Pontiac  SUNBIRD
Editar,Pontiac  SUNFIRE
Editar,Pontiac  TRANS AM
Editar,Pontiac  TRANSPORT
Editar,Porsche  356
Editar,Porsche  718 boxster
Editar,Porsche  718 cayman
Editar,Porsche  911
Editar,Porsche  912
Editar,Porsche  914
Editar,Porsche  924
Editar,Porsche  928
Editar,Porsche  944
Editar,Porsche  959
Editar,Porsche  968
Editar,Porsche  BOXSTER
Editar,Porsche  Carrera
Editar,Porsche  CAYENNE
Editar,Porsche  CAYMAN
Editar,Porsche  CISITALIA
Editar,Porsche  Macan
Editar,Porsche  PANAMERA
Editar,Proton  416
Editar,Proton  420
Editar,Proton  AEROBACK
Editar,Proton  GLI
Editar,Proton  WIRA
Editar,Rambler  AMBASSADOR
Editar,Rambler  CLASSIC
Editar,Ranquel  PICK-UP
Editar,Rastrojero  F
Editar,Rastrojero  FRONTAL
Editar,Rastrojero  LGP
Editar,Rastrojero  P
Editar,Rastrojero  X
Editar,Renault  11
Editar,Renault  12
Editar,Renault  18
Editar,Renault  19
Editar,Renault  19
Editar,Renault  20
Editar,Renault  21
Editar,Renault  21 NEVADA
Editar,Renault  25
Editar,Renault  30
Editar,Renault  300
Editar,Renault  4
Editar,Renault  5
Editar,Renault  6
Editar,Renault  9
Editar,Renault  ALASKAN
Editar,Renault  CAPTUR
Editar,Renault  CLIO
Editar,Renault  DUPHINE
Editar,Renault  Duster
Editar,Renault  Duster Oroch
Editar,Renault  ESPACE
Editar,Renault  EXPRESS
Editar,Renault  FLORIDE
Editar,Renault  Fluence
Editar,Renault  FUEGO
Editar,Renault  GMC
Editar,Renault  GORDINI
Editar,Renault  Grand Scenic
Editar,Renault  IKA
Editar,Renault  KANGOO
Editar,Renault  Koleos
Editar,Renault  KWID
Editar,Renault  LAGUNA
Editar,Renault  LAGUNA NEVADA
Editar,Renault  LATITUDE
Editar,Renault  LOGAN
Editar,Renault  MASTER
Editar,Renault  MEGANE
Editar,Renault  R 11
Editar,Renault  R 19
Editar,Renault  R 21
Editar,Renault  R 5
Editar,Renault  R 9
Editar,Renault  RODEO
Editar,Renault  SAFRANE
Editar,Renault  SANDERO
Editar,Renault  Scénic
Editar,Renault  SCENIC
Editar,Renault  Symbol
Editar,Renault  TORINO
Editar,Renault  TRAFIC
Editar,Renault  TWINGO
Editar,Rolls Royce  PHANTOM
Editar,Rolls Royce  SILVER
Editar,Rover  114
Editar,Rover  214
Editar,Rover  216
Editar,Rover  218
Editar,Rover  220
Editar,Rover  25
Editar,Rover  400
Editar,Rover  414
Editar,Rover  416
Editar,Rover  420
Editar,Rover  45
Editar,Rover  75
Editar,Rover  820
Editar,Rover  MG
Editar,Rover  MGF
Editar,Rover  SANTANA
Editar,Rover  Serie 100
Editar,Rover  SERIE 200
Editar,Rover  SERIE 400
Editar,Rover  SERIE 600
Editar,Rover  SERIE 800
Editar,Rugby  COUPE
Editar,Saab  9-3
Editar,Saab  9-5
Editar,Saab  9-5 WAGON
Editar,Saab  900
Editar,Saab  9000
Editar,Santana  SAMURAI
Editar,Santana  VITARA
Editar,Scania  BR-116
Editar,Scania  R360
Editar,Scania  T113H
Editar,Scania R  112 H
Editar,Seat  ALHAMBRA
Editar,Seat  ALTEA
Editar,Seat  CORDOBA
Editar,Seat  IBIZA
Editar,Seat  INCA
Editar,Seat  LEON
Editar,Seat  MARBELLA
Editar,Seat  TERRA
Editar,Seat  TOLEDO
Editar,SiamDitella  1500
Editar,SiamDitella  MAGNETTE
Editar,Skoda  FELICIA
Editar,Skoda  RURAL
Editar,Smart  Forfour
Editar,Smart  Fortwo
Editar,Smart  ROADSTER
Editar,Ssangyong  Actyon
Editar,Ssangyong  ISTANA
Editar,Ssangyong  KORANDO
Editar,Ssangyong  Kyron
Editar,Ssangyong  MUSSO
Editar,Ssangyong  REXTON
Editar,Studebaker  CHAMP
Editar,Studebaker  SIX
Editar,Subaru  1300
Editar,Subaru  1800
Editar,Subaru  FORESTER
Editar,Subaru  GLF
Editar,Subaru  IMPREZA
Editar,Subaru  JUSTY
Editar,Subaru  LEGACY
Editar,Subaru  OUTBACK
Editar,Subaru  SVX
Editar,Subaru  TRIBECA
Editar,Subaru  WRX
Editar,Subaru  XV
Editar,Suzuki  750F
Editar,Suzuki  ALTO
Editar,Suzuki  AX100
Editar,Suzuki  BALENO
Editar,Suzuki  CARRY
Editar,Suzuki  DR
Editar,Suzuki  EN 125 ZA
Editar,Suzuki  FUN
Editar,Suzuki  Gixxer
Editar,Suzuki  GN 125
Editar,Suzuki  GRAND VITARA
Editar,Suzuki  GRS
Editar,Suzuki  GSX
Editar,Suzuki  JIMNY
Editar,Suzuki  KATANA
Editar,Suzuki  LJ
Editar,Suzuki  MARUTI
Editar,Suzuki  Nakai
Editar,Suzuki  RG
Editar,Suzuki  RMZ 450
Editar,Suzuki  SAMURAI
Editar,Suzuki  SIDEKICK
Editar,Suzuki  Super
Editar,Suzuki  SWIFT
Editar,Suzuki  V-Strom
Editar,Suzuki  VITARA
Editar,Suzuki  Wagon
Editar,Suzuki  WAGON R
Editar,Suzuki  X
Editar,Suzuki  YZF 250
Editar,Tata  Safari
Editar,Tata  SUMO
Editar,Tata  TELCOLINE
Editar,Tavria  1102
Editar,Toyota  1
Editar,Toyota  4 RUNNER
Editar,Toyota  86
Editar,Toyota  ACE
Editar,Toyota  AURIS
Editar,Toyota  AVALON
Editar,Toyota  Avensis
Editar,Toyota  Burbuja
Editar,Toyota  C-HR
Editar,Toyota  CAMRY
Editar,Toyota  CARINA
Editar,Toyota  CARINA
Editar,Toyota  CELICA
Editar,Toyota  COASTER
Editar,Toyota  COROLLA
Editar,Toyota  Corolla Cross
Editar,Toyota  CORONA
Editar,Toyota  CROWN
Editar,Toyota  DYNA
Editar,Toyota  ETIOS
Editar,Toyota  Fielder
Editar,Toyota  FJ CRUISER
Editar,Toyota  HIACE
Editar,Toyota  HILUX
Editar,Toyota  INNOVA
Editar,Toyota  KARINA
Editar,Toyota  LAND CRUISER
Editar,Toyota  LEXUS
Editar,Toyota  LITE
Editar,Toyota  MR 2
Editar,Toyota  NEW COROLLA
Editar,Toyota  PASEO
Editar,Toyota  PREVIA
Editar,Toyota  PRIUS
Editar,Toyota  RAV4
Editar,Toyota  STARLET
Editar,Toyota  SUPRA
Editar,Toyota  SW4
Editar,Toyota  TACOMA
Editar,Toyota  TERCEL
Editar,Toyota  Tundra
Editar,Toyota  YARIS
Editar,Triumph  TR
Editar,Turiscar  BRILHANTE
Editar,Uaz  FURGON
Editar,Volkswagen  1300
Editar,Volkswagen  13180
Editar,Volkswagen  1500
Editar,Volkswagen  19360
Editar,Volkswagen  6160
Editar,Volkswagen  9170
Editar,Volkswagen  Amarok
Editar,Volkswagen  BORA
Editar,Volkswagen  BRASILIA
Editar,Volkswagen  CABRIOLET
Editar,Volkswagen  CADDY
Editar,Volkswagen  CARAT
Editar,Volkswagen  CC
Editar,Volkswagen  CROSSFOX
Editar,Volkswagen  FOX
Editar,Volkswagen  FURGON
Editar,Volkswagen  GACEL
Editar,Volkswagen  GOL
Editar,Volkswagen  GOLF
Editar,Volkswagen  JETTA
Editar,Volkswagen  KOMBI
Editar,Volkswagen  Multivan
Editar,Volkswagen  NIVUS
Editar,Volkswagen  PARATI
Editar,Volkswagen  PASSAT
Editar,Volkswagen  PHAETON
Editar,Volkswagen  POINTER
Editar,Volkswagen  POLO
Editar,Volkswagen  QUANTUM
Editar,Volkswagen  RABBIT
Editar,Volkswagen  ROBUST
Editar,Volkswagen  SANTANA
Editar,Volkswagen  SAVEIRO
Editar,Volkswagen  SCIROCCO
Editar,Volkswagen  SENDA
Editar,Volkswagen  SHARAN
Editar,Volkswagen  SP II
Editar,Volkswagen  SURAN
Editar,Volkswagen  Taos
Editar,Volkswagen  Tcross
Editar,Volkswagen  THE BEETLE
Editar,Volkswagen  TIGUAN
Editar,Volkswagen  TOUAREG
Editar,Volkswagen  TRANSPORTER
Editar,Volkswagen  UP!
Editar,Volkswagen  VENTO
Editar,Volkswagen  VIRTUS
Editar,Volkswagen  VOYAGE
Editar,Volkswagen  WESTFALIA
Editar,Volvo  122
Editar,Volvo  240
Editar,Volvo  242
Editar,Volvo  244
Editar,Volvo  245
Editar,Volvo  264
Editar,Volvo  265
Editar,Volvo  343
Editar,Volvo  345
Editar,Volvo  360
Editar,Volvo  440
Editar,Volvo  460
Editar,Volvo  740
Editar,Volvo  760
Editar,Volvo  780
Editar,Volvo  850
Editar,Volvo  940
Editar,Volvo  945
Editar,Volvo  960
Editar,Volvo  BERTONE
Editar,Volvo  C30
Editar,Volvo  C70
Editar,Volvo  MOTORHOME
Editar,Volvo  S40
Editar,Volvo  S60
Editar,Volvo  S70
Editar,Volvo  S80
Editar,Volvo  S90
Editar,Volvo  V40
Editar,Volvo  V50
Editar,Volvo  V60
Editar,Volvo  V70
Editar,Volvo  V90
Editar,Volvo  VM210
Editar,Volvo  XC 40
Editar,Volvo  XC60
Editar,Volvo  XC70
Editar,Volvo  XC90
Editar,Wuling  LZW
Editar,Yuejin  CAMION
Editar,Yuejin  MINIBUS
Editar,Chery  Arrizo 5
Editar,Chery  Face
Editar,Chery  FULWIN
Editar,Chery  QQ
Editar,Chery  SKIN
Editar,Chery  Tiggo
Editar,Mondial  250
Editar,Mondial  Custom
Editar,Mondial  HD 254
Editar,Mondial  LD 110 L
Editar,Mondial  MD
Editar,Mondial  RD
Editar,Yamaha  450 YFZ
Editar,Yamaha  BANSHEE
Editar,Yamaha  CRYPTON
Editar,Yamaha  DRAGSTAR
Editar,Yamaha  Fascino
Editar,Yamaha  FAZER
Editar,Yamaha  FZ
Editar,Yamaha  FZ25
Editar,Yamaha  JBR
Editar,Yamaha  MT 03
Editar,Yamaha  MT-07ST
Editar,Yamaha  NMAX
Editar,Yamaha  RAPTOR
Editar,Yamaha  SPORTRAX
Editar,Yamaha  SUPER TENERE
Editar,Yamaha  Tenere
Editar,Yamaha  TFR
Editar,Yamaha  V
Editar,Yamaha  V-STAR
Editar,Yamaha  VX
Editar,Yamaha  XJ6 - S DEVERSION 600 cc
Editar,Yamaha  XJ6-F
Editar,Yamaha  XTZ
Editar,Yamaha  YBR
Editar,Yamaha  YFM
Editar,Yamaha  YZF
Editar,Yamaha  ZR
Editar,KTM  250
Editar,KTM  525
Editar,KTM  790
Editar,KTM  85 cc
Editar,KTM  ADVENTURE
Editar,KTM  DUKE
Editar,Daelim  ROADWIN
Editar,Daelim  Sz2
Editar,MOTOMEL  MEGELLI
Editar,MOTOMEL  RX
Editar,MOTOMEL  SKVA
Editar,MOTOMEL  SR
Editar,JAWA  RUTA 40
Editar,JAWA  RVM
Editar,VESPA  NV
Editar,SIAMBRETTA  TV
Editar,SIAM  DI TELLA
Editar,HYOSUNG  650
Editar,RIPALDA  XX
Editar,KAWASAKI  BAYOU
Editar,KAWASAKI  BRUTE FORCE
Editar,KAWASAKI  EN500
Editar,KAWASAKI  ER-6N
Editar,KAWASAKI  KLX
Editar,KAWASAKI  KXF
Editar,KAWASAKI  MOTO DE AGUA
Editar,KAWASAKI  VERSYS
Editar,KAWASAKI  VULCAN
Editar,KAWASAKI  Z400
Editar,KAWASAKI  Z500
Editar,KAWASAKI  Z650
Editar,JINSENG  JC 250-6
Editar,HISUM  UTV
Editar,benelli  180s
Editar,benelli  302
Editar,benelli  502
Editar,benelli  LEONCINO
Editar,benelli  RK6
Editar,benelli  TNT
Editar,benelli  TRK
Editar,benelli  Zafferano
Editar,SEMIRREMOLQUE  ASTIVIA
Editar,SEMIRREMOLQUE  BONANO
Editar,SEMIRREMOLQUE  HELVETICA
Editar,SEMIRREMOLQUE  RANDON
Editar,DUCATI  HYPERMOTARD
Editar,DUCATI  MULTISTRADA
Editar,DUCATI  SCRAMBLER
Editar,ZANELLA  CECATTO
Editar,ZANELLA  Force
Editar,ZANELLA  PATAGONIA
Editar,ZANELLA  PRIMA
Editar,ZANELLA  RX
Editar,ZANELLA  STYLER
Editar,ZANELLA  ZR 150
Editar,TIBO  HUNTER
Editar,TIBO  SHARK
Editar,RAUSER  NS200
Editar,RAUSER  R200
Editar,COCHERA  MAREAS
Editar,KELLER  250cc
Editar,PANTHER  KALLISTA
Editar,Royal Enfield  G 350
Editar,Royal Enfield  HIMALAYAN
Editar,Royal Enfield  Interceptor
Editar,TIBO  HUNTER
Editar,Aston Martin  Vantage
Editar,BAIC  X25
Editar,BAIC  X35
Editar,BAIC  X55
Editar,Changan  Box MD 201
Editar,Changan  Cargo Van M 201
Editar,Changan  CS 15
Editar,Changan  CS 75
Editar,Changan  Pick-Up MD 201
Editar,DFSK  C31
Editar,DFSK  C32
Editar,DFSK  C35
Editar,DFSK  K01h
Editar,DS  DS3
Editar,DS  DS4
Editar,DS  DS7
Editar,Foton  Tunland
Editar,Geely  515
Editar,Geely  Emgrand
Editar,Geely  LC
Editar,Great Wall  Wingle 5
Editar,Great Wall  Wingle 6
Editar,Haval  H6
Editar,Lifan  Foison
Editar,Lifan  Foison Cargo
Editar,Lifan  Foison Truck
Editar,Lifan  Myway
Editar,Lifan  X50
Editar,Lifan  X60
Editar,Lifan  X70
Editar,Ram  Ram 1500
Editar,Ram  Ram 2500
Editar,Shineray  T30
Editar,Shineray  T32
Editar,Shineray  X30
Editar,BMOVE  BM01
Editar,BMOVE  BM02
Editar,Acciones  320i
Editar,Acciones  Classic
Editar,CORVEN  TRIAX
Editar,JOHN DEERE  310J
Editar,JOHN DEERE  5045
Editar,SEA DOO  SPARK
Editar,GUZZI  V7
Editar,GUZZI  V9
Editar,CAN-AM  HD8
Editar,POLARIS  RZR
Editar,Kymco  Downtown
Editar,Kymco  LIKE
Editar,Kymco  X-TOWN
Editar,CASILLA  RODANTE
Editar,Bajaj  Avenger
Editar,Bajaj  Dominar
Editar,Bajaj  Rouser
Editar,ssangyong  Actyon
Editar,ssangyong  Musso
Editar,Scooter  Beta
Editar,Scooter  TVS
Editar,GUERRERO  GR5
Editar,Daelim  Sz2
Editar,HARLEY  DAVIDSON
Editar,Camper  Latitud
Editar,Raptor  700
Editar,Coradir  Tito
Editar,LEXUS  RX
Editar,Bonano  Semirremolque
Editar,Acoplado  Salto
Editar,Husqvarna  450 FC
Editar,Husqvarna  Svartpilen
Editar,MACTRAIL  FOODTRUCK
Editar,BETAMOTOR  TEMPO
Editar,CASA RODANTE  HEEVEL
Editar,FOODTRUCK  FOODTRUCK
Editar,MUSTANG  GT
